CO_MUNICIPIO;UF;N_EQUIPES;TIPOS;NO_MUNICIPIO;POPULACAO;EQUIPES_POR_100K
110002;RO;2;EMAD I, EMAP;Ariquemes;;
110011;RO;1;EMAD I;Jaru;;
110012;RO;1;EMAD I;Ji-Paraná;;
110020;RO;5;EMAD I, EMAP;Porto Velho;;
110030;RO;2;EMAD I, EMAP;Vilhena;;
110037;RO;1;EMAP;Alto Alegre dos Parecis;;
110040;RO;2;EMAD II, EMAP;Alto Paraíso;;
110045;RO;2;EMAD II, EMAP;Buritis;;
120020;AC;2;EMAD I, EMAP;Cruzeiro do Sul;;
120040;AC;3;EMAD I, EMAP;Rio Branco;;
130060;AM;1;EMAD I;Benjamin Constant;;
130120;AM;2;EMAD I, EMAP;Coari;;
130185;AM;2;EMAD I, EMAP;Iranduba;;
130190;AM;2;EMAD I, EMAP;Itacoatiara;;
130240;AM;2;EMAD I, EMAP;Lábrea;;
130260;AM;24;EMAD I, EMAP;Manaus;;
130270;AM;1;EMAD I;Manicoré;;
130353;AM;2;EMAD II, EMAP;Presidente Figueiredo;;
130390;AM;1;EMAD II;São Paulo de Olivença;;
130406;AM;2;EMAD I, EMAP;Tabatinga;;
140010;RR;2;EMAD I;Boa Vista;;
150010;PA;3;EMAD I, EMAP;Abaetetuba;;
150020;PA;2;EMAD I, EMAP;Acará;;
150034;PA;2;EMAD II, EMAP;Água Azul do Norte;;
150060;PA;3;EMAD I, EMAP;Altamira;;
150080;PA;4;EMAD I, EMAP;Ananindeua;;
150085;PA;2;EMAD II, EMAP;Anapu;;
150090;PA;2;EMAD I, EMAP;Augusto Corrêa;;
150095;PA;2;EMAD II, EMAP;Aurora do Pará;;
150130;PA;3;EMAD I, EMAP;Barcarena;;
150140;PA;8;EMAD I, EMAP;Belém;;
150150;PA;2;EMAD I, EMAP;Benevides;;
150157;PA;1;EMAP-R;Bom Jesus do Tocantins;;
150160;PA;1;EMAP-R;Bonito;;
150170;PA;4;EMAD I, EMAP;Bragança;;
150172;PA;2;EMAD II, EMAP;Brasil Novo;;
150178;PA;2;EMAD I, EMAP;Breu Branco;;
150180;PA;2;EMAD I, EMAP;Breves;;
150190;PA;2;EMAD II, EMAP;Bujaru;;
150195;PA;2;EMAD II, EMAP;Cachoeira do Piriá;;
150210;PA;2;EMAD I, EMAP;Cametá;;
150215;PA;2;EMAD I, EMAP;Canaã dos Carajás;;
150220;PA;2;EMAD I, EMAP;Capanema;;
150230;PA;2;EMAD I, EMAP;Capitão Poço;;
150240;PA;2;EMAD I, EMAP;Castanhal;;
150270;PA;2;EMAD I, EMAP;Conceição do Araguaia;;
150275;PA;2;EMAD II, EMAP;Concórdia do Pará;;
150293;PA;2;EMAD I, EMAP;Dom Eliseu;;
150307;PA;2;EMAD II, EMAP;Garrafão do Norte;;
150309;PA;2;EMAD II, EMAP;Goianésia do Pará;;
150320;PA;2;EMAD II, EMAP;Igarapé-Açu;;
150330;PA;2;EMAD I, EMAP;Igarapé-Miri;;
150345;PA;2;EMAD I, EMAP;Ipixuna do Pará;;
150350;PA;2;EMAD II, EMAP;Irituia;;
150370;PA;3;EMAD I, EMAP;Itupiranga;;
150380;PA;2;EMAD I, EMAP;Jacundá;;
150405;PA;2;EMAD II, EMAP;Mãe do Rio;;
150430;PA;2;EMAD II, EMAP;Maracanã;;
150442;PA;2;EMAD I, EMAP;Marituba;;
150445;PA;2;EMAD II, EMAP;Medicilândia;;
150470;PA;2;EMAD I, EMAP;Moju;;
150495;PA;2;EMAD II, EMAP;Nova Esperança do Piriá;;
150506;PA;2;EMAD I, EMAP;Novo Repartimento;;
150510;PA;1;EMAD I;Óbidos;;
150543;PA;2;EMAD II, EMAP;Ourilândia do Norte;;
150548;PA;2;EMAD I, EMAP;Pacajá;;
150550;PA;2;EMAD I, EMAP;Paragominas;;
150553;PA;3;EMAD I, EMAP;Parauapebas;;
150570;PA;2;EMAD II, EMAP;Ponta de Pedras;;
150590;PA;1;EMAD I;Porto de Moz;;
150600;PA;2;EMAD II, EMAP;Prainha;;
150613;PA;2;EMAD I, EMAP;Redenção;;
150620;PA;2;EMAD I, EMAP;Salinópolis;;
150635;PA;2;EMAD II, EMAP;Santa Bárbara do Pará;;
150650;PA;2;EMAD I, EMAP;Santa Izabel do Pará;;
150658;PA;2;EMAD II, EMAP;Santa Maria das Barreiras;;
150660;PA;2;EMAD II, EMAP;Santa Maria do Pará;;
150670;PA;2;EMAD I, EMAP;Santana do Araguaia;;
150680;PA;4;EMAD I, EMAP;Santarém;;
150720;PA;2;EMAD II, EMAP;São Domingos do Capim;;
150730;PA;2;EMAD I, EMAP;São Félix do Xingu;;
150745;PA;2;EMAD II, EMAP;São Geraldo do Araguaia;;
150760;PA;2;EMAD I, EMAP;São Miguel do Guamá;;
150780;PA;2;EMAD II, EMAP;Senador José Porfírio;;
150795;PA;2;EMAD I, EMAP;Tailândia;;
150808;PA;2;EMAD II, EMAP;Tucumã;;
150810;PA;2;EMAD I, EMAP;Tucuruí;;
150812;PA;2;EMAD I, EMAP;Ulianópolis;;
150815;PA;2;EMAD II, EMAP;Uruará;;
150820;PA;2;EMAD I, EMAP;Vigia;;
150835;PA;1;EMAP-R;Vitória do Xingu;;
150840;PA;2;EMAD I, EMAP;Xinguara;;
160030;AP;7;EMAD I, EMAP;Macapá;;
160060;AP;2;EMAD I, EMAP;Santana;;
170210;TO;3;EMAD I, EMAP;Araguaína;;
170820;TO;2;EMAD II, EMAP;Formoso do Araguaia;;
170950;TO;1;EMAD I;Gurupi;;
171820;TO;2;EMAD I, EMAP;Porto Nacional;;
172100;TO;4;EMAD I, EMAP;Palmas;;
210005;MA;2;EMAD I, EMAP;Açailândia;;
210030;MA;2;EMAD II, EMAP;Aldeias Altas;;
210060;MA;2;EMAD II, EMAP;Amarante do Maranhão;;
210125;MA;1;EMAP-R;Bacabeira;;
210160;MA;1;EMAD I;Barra do Corda;;
210230;MA;2;EMAD II, EMAP;Buriti Bravo;;
210232;MA;2;EMAD I, EMAP;Buriticupu;;
210255;MA;1;EMAP-R;Campestre do Maranhão;;
210300;MA;3;EMAD I, EMAP;Caxias;;
210330;MA;2;EMAD I, EMAP;Codó;;
210350;MA;2;EMAD I, EMAP;Colinas;;
210360;MA;2;EMAD I, EMAP;Coroatá;;
210380;MA;2;EMAD II, EMAP;Dom Pedro;;
210409;MA;1;EMAD II;Formosa da Serra Negra;;
210420;MA;2;EMAD II, EMAP;Fortuna;;
210440;MA;2;EMAD II, EMAP;Gonçalves Dias;;
210480;MA;2;EMAD I, EMAP;Grajaú;;
210530;MA;3;EMAD I, EMAP;Imperatriz;;
210550;MA;1;EMAP;João Lisboa;;
210570;MA;2;EMAD I, EMAP;Lago da Pedra;;
210600;MA;1;EMAP-R;Lima Campos;;
210660;MA;2;EMAD II, EMAP;Matões;;
210670;MA;2;EMAD II, EMAP;Mirador;;
210720;MA;1;EMAP-R;Nina Rodrigues;;
210750;MA;2;EMAD I, EMAP;Paço do Lumiar;;
210770;MA;2;EMAD II, EMAP;Paraibano;;
210800;MA;2;EMAD II, EMAP;Pastos Bons;;
210820;MA;2;EMAD II, EMAP;Pedreiras;;
210845;MA;2;EMAD II, EMAP;Peritoró;;
210860;MA;2;EMAD I, EMAP;Pinheiro;;
210870;MA;1;EMAD II;Pio XII;;
210900;MA;2;EMAD II, EMAP;Porto Franco;;
211020;MA;2;EMAD II, EMAP;Santa Rita;;
211070;MA;2;EMAD II, EMAP;São Domingos do Maranhão;;
211090;MA;1;EMAP-R;São Francisco do Maranhão;;
211107;MA;1;EMAP-R;São João do Soter;;
211110;MA;2;EMAD II, EMAP;São João dos Patos;;
211120;MA;2;EMAD I, EMAP;São José de Ribamar;;
211130;MA;12;EMAD I, EMAP;São Luís;;
211150;MA;2;EMAD I, EMAP;São Mateus do Maranhão;;
211220;MA;3;EMAD I, EMAP;Timon;;
211230;MA;1;EMAD I;Tuntum;;
211290;MA;1;EMAD II;Vitória do Mearim;;
211400;MA;2;EMAD I, EMAP;Zé Doca;;
220010;PI;1;EMAP-R;Agricolândia;;
220025;PI;1;EMAP-R;Alagoinha do Piauí;;
220050;PI;1;EMAP-R;Amarante;;
220060;PI;1;EMAP-R;Angical do Piauí;;
220070;PI;1;EMAP-R;Anísio de Abreu;;
220090;PI;1;EMAP-R;Aroazes;;
220105;PI;1;EMAP-R;Assunção do Piauí;;
220120;PI;2;EMAD I, EMAP;Barras;;
220190;PI;2;EMAD II, EMAP;Bom Jesus;;
220196;PI;1;EMAP-R;Brasileira;;
220220;PI;2;EMAD I, EMAP;Campo Maior;;
220230;PI;2;EMAD II, EMAP;Canto do Buriti;;
220250;PI;1;EMAP-R;Caracol;;
220270;PI;1;EMAD II;Cocal;;
220310;PI;2;EMAD II, EMAP;Cristino Castro;;
220330;PI;1;EMAP-R;Demerval Lobão;;
220335;PI;1;EMAP-R;Dirceu Arcoverde;;
220345;PI;1;EMAP-R;Dom Inocêncio;;
220370;PI;2;EMAD II, EMAP;Esperantina;;
220375;PI;1;EMAP-R;Fartura do Piauí;;
220390;PI;2;EMAD I, EMAP;Floriano;;
220455;PI;1;EMAP-R;Guaribas;;
220465;PI;1;EMAP-R;Ilha Grande;;
220510;PI;1;EMAP-R;Itaueira;;
220525;PI;1;EMAP-R;Jardim do Mulato;;
220540;PI;1;EMAP-R;Joaquim Pires;;
220550;PI;2;EMAD II, EMAP;José de Freitas;;
220554;PI;1;EMAP-R;Lagoinha do Piauí;;
220557;PI;1;EMAP-R;Lagoa de São Francisco;;
220558;PI;1;EMAP-R;Lagoa do Piauí;;
220570;PI;2;EMAD II, EMAP;Luís Correia;;
220635;PI;1;EMAP-R;Milton Brandão;;
220695;PI;1;EMAP-R;Novo Santo Antônio;;
220700;PI;2;EMAD II, EMAP;Oeiras;;
220730;PI;1;EMAP-R;Paes Landim;;
220750;PI;1;EMAP-R;Palmeirais;;
220775;PI;1;EMAP-R;Passagem Franca do Piauí;;
220790;PI;2;EMAD II, EMAP;Pedro II;;
220820;PI;2;EMAD II, EMAP;Pio IX;;
220840;PI;2;EMAD I, EMAP;Piripiri;;
220865;PI;1;EMAP-R;Queimada Nova;;
220880;PI;1;EMAP-R;Regeneração;;
220955;PI;1;EMAP-R;São Braz do Piauí;;
220985;PI;1;EMAP-R;São João da Canabrava;;
220990;PI;1;EMAP-R;São João da Serra;;
221000;PI;2;EMAD II, EMAP;São João do Piauí;;
221050;PI;1;EMAP-R;São Pedro do Piauí;;
221060;PI;2;EMAD II, EMAP;São Raimundo Nonato;;
221080;PI;1;EMAP-R;Simplício Mendes;;
221100;PI;3;EMAD I, EMAP;Teresina;;
221110;PI;2;EMAD I, EMAP;União;;
221130;PI;2;EMAD II, EMAP;Valença do Piauí;;
221140;PI;1;EMAP-R;Várzea Grande;;
230020;CE;2;EMAD I, EMAP;Acaraú;;
230075;CE;2;EMAD I, EMAP;Amontada;;
230100;CE;2;EMAD I, EMAP;Aquiraz;;
230110;CE;2;EMAD I, EMAP;Aracati;;
230120;CE;1;EMAD II;Aracoiaba;;
230125;CE;1;EMAP-R;Ararendá;;
230170;CE;1;EMAD II;Aurora;;
230190;CE;2;EMAD I, EMAP;Barbalha;;
230210;CE;2;EMAD II, EMAP;Baturité;;
230220;CE;2;EMAD I, EMAP;Beberibe;;
230230;CE;2;EMAD II, EMAP;Bela Cruz;;
230240;CE;2;EMAD I, EMAP;Boa Viagem;;
230250;CE;2;EMAD I, EMAP;Brejo Santo;;
230280;CE;1;EMAD I;Canindé;;
230320;CE;2;EMAD II, EMAP;Caririaçu;;
230350;CE;2;EMAD I, EMAP;Cascavel;;
230365;CE;1;EMAP-R;Catunda;;
230370;CE;3;EMAD I, EMAP;Caucaia;;
230395;CE;1;EMAD II;Chorozinho;;
230420;CE;2;EMAD I, EMAP;Crato;;
230425;CE;2;EMAD II, EMAP;Cruz;;
230428;CE;2;EMAD I, EMAP;Eusébio;;
230440;CE;35;EMAD I, EMAP;Fortaleza;;
230470;CE;1;EMAD I;Granja;;
230495;CE;1;EMAD II;Guaiúba;;
230500;CE;2;EMAD I, EMAP;Guaraciaba do Norte;;
230523;CE;2;EMAD I, EMAP;Horizonte;;
230533;CE;1;EMAP-R;Ibicuitinga;;
230535;CE;2;EMAD II, EMAP;Icapuí;;
230540;CE;2;EMAD I, EMAP;Icó;;
230550;CE;1;EMAD I;Iguatu;;
230580;CE;2;EMAD I, EMAP;Ipu;;
230610;CE;1;EMAD II;Irauçuba;;
230625;CE;2;EMAD II, EMAP;Itaitinga;;
230630;CE;2;EMAD I, EMAP;Itapajé;;
230640;CE;2;EMAD I, EMAP;Itapipoca;;
230655;CE;1;EMAD I;Itarema;;
230660;CE;1;EMAD II;Itatira;;
230690;CE;2;EMAD II, EMAP;Jaguaribe;;
230700;CE;2;EMAD II, EMAP;Jaguaruana;;
230710;CE;1;EMAD II;Jardim;;
230725;CE;2;EMAD II, EMAP;Jijoca de Jericoacoara;;
230730;CE;5;EMAD I, EMAP;Juazeiro do Norte;;
230740;CE;1;EMAD II;Jucás;;
230750;CE;1;EMAD II;Lavras da Mangabeira;;
230760;CE;2;EMAD I, EMAP;Limoeiro do Norte;;
230765;CE;3;EMAD I, EMAP;Maracanaú;;
230770;CE;2;EMAD I, EMAP;Maranguape;;
230780;CE;2;EMAD II, EMAP;Marco;;
230810;CE;2;EMAD I, EMAP;Mauriti;;
230830;CE;2;EMAD II, EMAP;Milagres;;
230840;CE;1;EMAD II;Missão Velha;;
230860;CE;1;EMAP-R;Monsenhor Tabosa;;
230870;CE;2;EMAD I, EMAP;Morada Nova;;
230930;CE;2;EMAD II, EMAP;Nova Russas;;
230940;CE;1;EMAD II;Novo Oriente;;
230945;CE;2;EMAD II, EMAP;Ocara;;
230950;CE;2;EMAD II, EMAP;Orós;;
230960;CE;2;EMAD I, EMAP;Pacajus;;
230970;CE;2;EMAD I, EMAP;Pacatuba;;
231020;CE;2;EMAD II, EMAP;Paracuru;;
231025;CE;2;EMAD II, EMAP;Paraipaba;;
231050;CE;2;EMAD I, EMAP;Pedra Branca;;
231070;CE;2;EMAD II, EMAP;Pentecoste;;
231085;CE;1;EMAD II;Pindoretama;;
231100;CE;1;EMAP-R;Poranga;;
231126;CE;2;EMAD II, EMAP;Quiterianópolis;;
231130;CE;2;EMAD I, EMAP;Quixadá;;
231140;CE;2;EMAD I, EMAP;Quixeramobim;;
231150;CE;2;EMAD II, EMAP;Quixeré;;
231160;CE;2;EMAD II, EMAP;Redenção;;
231180;CE;2;EMAD I, EMAP;Russas;;
231240;CE;3;EMAD I, EMAP;São Gonçalo do Amarante;;
231270;CE;2;EMAD II, EMAP;Senador Pompeu;;
231290;CE;3;EMAD I, EMAP;Sobral;;
231310;CE;2;EMAD II, EMAP;Tabuleiro do Norte;;
231320;CE;2;EMAD II, EMAP;Tamboril;;
231330;CE;1;EMAD I;Tauá;;
231340;CE;1;EMAD I;Tianguá;;
231350;CE;2;EMAD I, EMAP;Trairi;;
231400;CE;2;EMAD I, EMAP;Várzea Alegre;;
231410;CE;2;EMAD I, EMAP;Viçosa do Ceará;;
240020;RN;2;EMAD I, EMAP;Açu;;
240050;RN;1;EMAP-R;Alexandria;;
240110;RN;1;EMAD II;Areia Branca;;
240200;RN;1;EMAD I;Caicó;;
240220;RN;2;EMAD II, EMAP;Canguaretama;;
240260;RN;2;EMAD I, EMAP;Ceará-Mirim;;
240310;RN;1;EMAD I;Currais Novos;;
240325;RN;3;EMAD I, EMAP;Parnamirim;;
240360;RN;1;EMAD II;Extremoz;;
240420;RN;2;EMAD II, EMAP;Goianinha;;
240580;RN;1;EMAD II;João Câmara;;
240710;RN;2;EMAD I, EMAP;Macaíba;;
240780;RN;2;EMAD II, EMAP;Monte Alegre;;
240800;RN;2;EMAD I, EMAP;Mossoró;;
240810;RN;8;EMAD I, EMAP;Natal;;
240820;RN;2;EMAD II, EMAP;Nísia Floresta;;
240830;RN;2;EMAD II, EMAP;Nova Cruz;;
240890;RN;2;EMAD II, EMAP;Parelhas;;
240940;RN;2;EMAD II, EMAP;Pau dos Ferros;;
241120;RN;1;EMAD II;Santa Cruz;;
241150;RN;2;EMAD II, EMAP;Santo Antônio;;
241220;RN;2;EMAD I, EMAP;São José de Mipibu;;
241260;RN;1;EMAD II;São Paulo do Potengi;;
241330;RN;1;EMAP-R;Serra de São Bento;;
241440;RN;2;EMAD II, EMAP;Touros;;
250010;PB;2;EMAD II, EMAP;Água Branca;;
250030;PB;1;EMAD II;Alagoa Grande;;
250040;PB;2;EMAD II, EMAP;Alagoa Nova;;
250050;PB;1;EMAP-R;Alagoinha;;
250053;PB;2;EMAD II, EMAP;Alcantil;;
250070;PB;2;EMAD II, EMAP;São João do Rio do Peixe;;
250077;PB;1;EMAP-R;Aparecida;;
250110;PB;2;EMAD II, EMAP;Areia;;
250135;PB;1;EMAP-R;Assunção;;
250150;PB;2;EMAD II, EMAP;Bananeiras;;
250157;PB;1;EMAP-R;Barra de Santana;;
250180;PB;2;EMAD I, EMAP;Bayeux;;
250190;PB;2;EMAD II, EMAP;Belém;;
250210;PB;2;EMAD II, EMAP;Boa Ventura;;
250220;PB;1;EMAP-R;Bom Jesus;;
250240;PB;2;EMAD II, EMAP;Bonito de Santa Fé;;
250250;PB;2;EMAD II, EMAP;Boqueirão;;
250260;PB;1;EMAP-R;Igaracy;;
250270;PB;1;EMAP-R;Borborema;;
250280;PB;2;EMAD II, EMAP;Brejo do Cruz;;
250300;PB;2;EMAD II, EMAP;Caaporã;;
250320;PB;2;EMAD I, EMAP;Cabedelo;;
250350;PB;1;EMAP-R;Cacimba de Dentro;;
250370;PB;2;EMAD I, EMAP;Cajazeiras;;
250380;PB;1;EMAP-R;Caldas Brandão;;
250400;PB;4;EMAD I, EMAP;Campina Grande;;
250410;PB;1;EMAP-R;Carrapateira;;
250440;PB;2;EMAD II, EMAP;Conceição;;
250450;PB;1;EMAP-R;Condado;;
250460;PB;2;EMAD II, EMAP;Conde;;
250470;PB;1;EMAP-R;Congo;;
250480;PB;2;EMAD II, EMAP;Coremas;;
250510;PB;2;EMAD II, EMAP;Cuité;;
250530;PB;1;EMAP-R;Curral Velho;;
250580;PB;1;EMAP-R;Duas Estradas;;
250590;PB;1;EMAP-R;Emas;;
250600;PB;2;EMAD II, EMAP;Esperança;;
250630;PB;2;EMAD I, EMAP;Guarabira;;
250660;PB;1;EMAP-R;Ibiara;;
250680;PB;2;EMAD II, EMAP;Ingá;;
250690;PB;2;EMAD II, EMAP;Itabaiana;;
250700;PB;2;EMAD II, EMAP;Itaporanga;;
250720;PB;1;EMAP-R;Itatuba;;
250730;PB;1;EMAP-R;Jacaraú;;
250750;PB;10;EMAD I, EMAP;João Pessoa;;
250770;PB;1;EMAD II;Juazeirinho;;
250790;PB;2;EMAD II, EMAP;Juripiranga;;
250800;PB;1;EMAP-R;Juru;;
250820;PB;1;EMAP-R;Lagoa de Dentro;;
250830;PB;1;EMAD II;Lagoa Seca;;
250840;PB;1;EMAP-R;Lastro;;
250855;PB;1;EMAP-R;Logradouro;;
250890;PB;2;EMAD I, EMAP;Mamanguape;;
250900;PB;1;EMAP;Manaíra;;
250940;PB;1;EMAP-R;Mogeiro;;
250970;PB;2;EMAD II, EMAP;Monteiro;;
250980;PB;1;EMAP-R;Mulungu;;
251070;PB;1;EMAP-R;Passagem;;
251080;PB;2;EMAD I, EMAP;Patos;;
251120;PB;2;EMAD II, EMAP;Pedras de Fogo;;
251130;PB;2;EMAD II, EMAP;Piancó;;
251150;PB;2;EMAD II, EMAP;Pilar;;
251170;PB;1;EMAP-R;Pilõezinhos;;
251210;PB;2;EMAD II, EMAP;Pombal;;
251230;PB;1;EMAD II;Princesa Isabel;;
251250;PB;2;EMAD I, EMAP;Queimadas;;
251275;PB;1;EMAP-R;Riachão do Bacamarte;;
251278;PB;1;EMAP-R;Riacho de Santo Antônio;;
251320;PB;2;EMAD II, EMAP;Santa Cruz;;
251330;PB;1;EMAP-R;Santa Helena;;
251335;PB;1;EMAP-R;Santa Inês;;
251340;PB;1;EMAP-R;Santa Luzia;;
251350;PB;1;EMAP-R;Santana de Mangueira;;
251370;PB;2;EMAD I, EMAP;Santa Rita;;
251390;PB;1;EMAD II;São Bento;;
251394;PB;1;EMAP-R;São Domingos do Cariri;;
251430;PB;1;EMAP-R;São José de Caiana;;
251440;PB;1;EMAP-R;São José de Espinharas;;
251445;PB;1;EMAP-R;São José dos Ramos;;
251450;PB;2;EMAD II, EMAP;São José de Piranhas;;
251455;PB;1;EMAP-R;São José de Princesa;;
251470;PB;1;EMAP-R;São José do Sabugi;;
251530;PB;2;EMAD I, EMAP;Sapé;;
251550;PB;1;EMAP-R;Serra Branca;;
251570;PB;1;EMAP-R;Serra Grande;;
251593;PB;1;EMAP-R;Sertãozinho;;
251600;PB;1;EMAD II;Solânea;;
251620;PB;2;EMAD I, EMAP;Sousa;;
251640;PB;1;EMAP-R;Tacima;;
251660;PB;2;EMAD II, EMAP;Tavares;;
251670;PB;2;EMAD II, EMAP;Teixeira;;
251690;PB;2;EMAD II, EMAP;Uiraúna;;
251720;PB;1;EMAP-R;Vieirópolis;;
260005;PE;2;EMAD I, EMAP;Abreu e Lima;;
260010;PE;1;EMAD I;Afogados da Ingazeira;;
260030;PE;2;EMAD II, EMAP;Agrestina;;
260050;PE;2;EMAD I, EMAP;Águas Belas;;
260070;PE;2;EMAD I, EMAP;Aliança;;
260080;PE;2;EMAD II, EMAP;Altinho;;
260090;PE;2;EMAD II, EMAP;Amaraji;;
260140;PE;2;EMAD I, EMAP;Barreiros;;
260170;PE;3;EMAD I, EMAP;Belo Jardim;;
260190;PE;2;EMAD I, EMAP;Bezerros;;
260210;PE;2;EMAD I, EMAP;Bom Conselho;;
260290;PE;4;EMAD I, EMAD II, EMAP;Cabo de Santo Agostinho;;
260310;PE;2;EMAD II, EMAP;Cachoeirinha;;
260320;PE;2;EMAD II, EMAP;Caetés;;
260370;PE;2;EMAD II, EMAP;Canhotinho;;
260380;PE;2;EMAD II, EMAP;Capoeiras;;
260400;PE;2;EMAD I, EMAP;Carpina;;
260410;PE;4;EMAD I, EMAP;Caruaru;;
260420;PE;1;EMAD II;Catende;;
260480;PE;2;EMAD II, EMAP;Cortês;;
260540;PE;2;EMAD II, EMAP;Feira Nova;;
260590;PE;2;EMAD II, EMAP;Gameleira;;
260600;PE;2;EMAD I, EMAP;Garanhuns;;
260620;PE;2;EMAD I, EMAP;Goiana;;
260640;PE;2;EMAD I, EMAP;Gravatá;;
260750;PE;2;EMAD II, EMAP;Itaíba;;
260760;PE;2;EMAD II, EMAP;Ilha de Itamaracá;;
260765;PE;2;EMAD II, EMAP;Itambé;;
260775;PE;2;EMAD II, EMAP;Itapissuma;;
260790;PE;9;EMAD I, EMAP;Jaboatão dos Guararapes;;
260880;PE;2;EMAD II, EMAP;Lajedo;;
260900;PE;1;EMAD II;Macaparana;;
260950;PE;2;EMAD I, EMAP;Nazaré da Mata;;
261000;PE;5;EMAD I, EMAD II, EMAP;Palmares;;
261020;PE;2;EMAD II, EMAP;Panelas;;
261070;PE;3;EMAD I, EMAD II, EMAP;Paulista;;
261090;PE;2;EMAD I, EMAP;Pesqueira;;
261100;PE;2;EMAD II, EMAP;Petrolândia;;
261110;PE;4;EMAD I, EMAP;Petrolina;;
261160;PE;17;EMAD I, EMAD II, EMAP;Recife;;
261170;PE;1;EMAD II;Riacho das Almas;;
261190;PE;2;EMAD II, EMAP;Rio Formoso;;
261240;PE;2;EMAD II, EMAP;Sanharó;;
261250;PE;2;EMAD I, EMAP;Santa Cruz do Capibaribe;;
261300;PE;2;EMAD I, EMAP;São Bento do Una;;
261310;PE;2;EMAD II, EMAP;São Caitano;;
261320;PE;2;EMAD II, EMAP;São João;;
261330;PE;2;EMAD II, EMAP;São Joaquim do Monte;;
261340;PE;2;EMAD II, EMAP;São José da Coroa Grande;;
261380;PE;2;EMAD II, EMAP;São Vicente Férrer;;
261420;PE;2;EMAD I, EMAP;Sirinhaém;;
261485;PE;2;EMAD II, EMAP;Tamandaré;;
261640;PE;2;EMAD I, EMAP;Vitória de Santo Antão;;
261650;PE;2;EMAD II, EMAP;Xexéu;;
270010;AL;2;EMAD II, EMAP;Água Branca;;
270030;AL;3;EMAD I, EMAP;Arapiraca;;
270040;AL;2;EMAD I, EMAP;Atalaia;;
270060;AL;1;EMAP-R;Barra de São Miguel;;
270100;AL;1;EMAD II;Boca da Mata;;
270130;AL;2;EMAD II, EMAP;Cajueiro;;
270140;AL;2;EMAD I, EMAP;Campo Alegre;;
270170;AL;2;EMAD II, EMAP;Capela;;
270210;AL;2;EMAD II, EMAP;Colônia Leopoldina;;
270230;AL;2;EMAD I, EMAP;Coruripe;;
270235;AL;2;EMAD II, EMAP;Craíbas;;
270240;AL;2;EMAD I, EMAP;Delmiro Gouveia;;
270290;AL;2;EMAD II, EMAP;Girau do Ponciano;;
270310;AL;2;EMAD II, EMAP;Igaci;;
270320;AL;2;EMAD II, EMAP;Igreja Nova;;
270375;AL;1;EMAP-R;Jequiá da Praia;;
270380;AL;2;EMAD II, EMAP;Joaquim Gomes;;
270400;AL;2;EMAD II, EMAP;Junqueiro;;
270420;AL;2;EMAD II, EMAP;Limoeiro de Anadia;;
270430;AL;13;EMAD I, EMAP;Maceió;;
270450;AL;2;EMAD II, EMAP;Maragogi;;
270470;AL;2;EMAD I, EMAP;Marechal Deodoro;;
270510;AL;2;EMAD II, EMAP;Matriz de Camaragibe;;
270550;AL;2;EMAD II, EMAP;Murici;;
270560;AL;1;EMAP-R;Novo Lino;;
270570;AL;2;EMAD II, EMAP;Olho d'Água das Flores;;
270630;AL;2;EMAD I, EMAP;Palmeira dos Índios;;
270640;AL;2;EMAD II, EMAP;Pão de Açúcar;;
270670;AL;2;EMAD I, EMAP;Penedo;;
270690;AL;2;EMAD II, EMAP;Pilar;;
270710;AL;2;EMAD II, EMAP;Piranhas;;
270730;AL;2;EMAD II, EMAP;Porto Calvo;;
270750;AL;2;EMAD II, EMAP;Porto Real do Colégio;;
270770;AL;2;EMAD I, EMAP;Rio Largo;;
270790;AL;1;EMAP-R;Santa Luzia do Norte;;
270800;AL;2;EMAD I, EMAP;Santana do Ipanema;;
270830;AL;2;EMAD II, EMAP;São José da Laje;;
270840;AL;2;EMAD II, EMAP;São José da Tapera;;
270850;AL;2;EMAD II, EMAP;São Luís do Quitunde;;
270860;AL;2;EMAD I, EMAP;São Miguel dos Campos;;
270880;AL;2;EMAD II, EMAP;São Sebastião;;
270890;AL;2;EMAD II, EMAP;Satuba;;
270915;AL;2;EMAD I, EMAP;Teotônio Vilela;;
270920;AL;2;EMAD II, EMAP;Traipu;;
270930;AL;2;EMAD I, EMAP;União dos Palmares;;
270940;AL;2;EMAD II, EMAP;Viçosa;;
280020;SE;2;EMAD II, EMAP;Aquidabã;;
280030;SE;4;EMAD I, EMAP;Aracaju;;
280067;SE;2;EMAD II, EMAP;Boquim;;
280120;SE;2;EMAD II, EMAP;Canindé de São Francisco;;
280130;SE;2;EMAD II, EMAP;Capela;;
280170;SE;1;EMAP-R;Cristinápolis;;
280210;SE;1;EMAD I;Estância;;
280290;SE;3;EMAD I, EMAP;Itabaiana;;
280300;SE;2;EMAD I, EMAP;Itabaianinha;;
280320;SE;2;EMAD II, EMAP;Itaporanga d'Ajuda;;
280330;SE;1;EMAP-R;Japaratuba;;
280350;SE;2;EMAD I, EMAP;Lagarto;;
280360;SE;2;EMAD II, EMAP;Laranjeiras;;
280370;SE;1;EMAP-R;Macambira;;
280445;SE;1;EMAP-R;Nossa Senhora Aparecida;;
280450;SE;2;EMAD II, EMAP;Nossa Senhora da Glória;;
280460;SE;2;EMAD II, EMAP;Nossa Senhora das Dores;;
280480;SE;3;EMAD I, EMAP;Nossa Senhora do Socorro;;
280540;SE;2;EMAD II, EMAP;Poço Redondo;;
280550;SE;2;EMAD II, EMAP;Poço Verde;;
280560;SE;2;EMAD II, EMAP;Porto da Folha;;
280600;SE;1;EMAP-R;Ribeirópolis;;
280620;SE;2;EMAD II, EMAP;Salgado;;
280670;SE;2;EMAD I, EMAP;São Cristóvão;;
280710;SE;2;EMAD I, EMAP;Simão Dias;;
280740;SE;2;EMAD I, EMAP;Tobias Barreto;;
290030;BA;1;EMAP-R;Acajutiba;;
290035;BA;1;EMAP-R;Adustina;;
290070;BA;2;EMAD I, EMAP;Alagoinhas;;
290100;BA;2;EMAD II, EMAP;Amargosa;;
290120;BA;2;EMAD II, EMAP;Anagé;;
290220;BA;1;EMAP-R;Aramari;;
290240;BA;2;EMAD II, EMAP;Aurelino Leal;;
290260;BA;1;EMAP-R;Baixa Grande;;
290265;BA;1;EMAP-R;Banzaê;;
290310;BA;1;EMAP-R;Barra do Rocha;;
290320;BA;3;EMAD I, EMAP;Barreiras;;
290327;BA;1;EMAP-R;Barrocas;;
290340;BA;1;EMAD II;Belmonte;;
290390;BA;2;EMAD I, EMAP;Bom Jesus da Lapa;;
290410;BA;2;EMAD II, EMAP;Boquira;;
290460;BA;2;EMAD I, EMAP;Brumado;;
290470;BA;2;EMAD II, EMAP;Buerarema;;
290520;BA;2;EMAD I, EMAP;Caetité;;
290560;BA;2;EMAD II, EMAP;Camacan;;
290570;BA;4;EMAD I, EMAP;Camaçari;;
290580;BA;2;EMAD II, EMAP;Camamu;;
290590;BA;2;EMAD II, EMAP;Campo Alegre de Lourdes;;
290600;BA;2;EMAD I, EMAP;Campo Formoso;;
290650;BA;2;EMAD I, EMAP;Candeias;;
290680;BA;1;EMAD II;Cansanção;;
290687;BA;2;EMAD II, EMAP;Capim Grosso;;
290690;BA;1;EMAD II;Caravelas;;
290750;BA;2;EMAD I, EMAP;Catu;;
290790;BA;1;EMAP-R;Cipó;;
290800;BA;1;EMAD II;Coaraci;;
290820;BA;2;EMAD II, EMAP;Conceição da Feira;;
290830;BA;1;EMAP-R;Conceição do Almeida;;
290840;BA;2;EMAD I, EMAP;Conceição do Coité;;
290850;BA;2;EMAD II, EMAP;Conceição do Jacuípe;;
290890;BA;2;EMAD II, EMAP;Coração de Maria;;
290930;BA;2;EMAD II, EMAP;Correntina;;
290960;BA;2;EMAD II, EMAP;Crisópolis;;
290980;BA;2;EMAD I, EMAP;Cruz das Almas;;
291005;BA;2;EMAD I, EMAP;Dias d'Ávila;;
291010;BA;2;EMAD II, EMAP;Dom Basílio;;
291050;BA;2;EMAD I, EMAP;Entre Rios;;
291060;BA;2;EMAD II, EMAP;Esplanada;;
291070;BA;2;EMAD I, EMAP;Euclides da Cunha;;
291072;BA;2;EMAD I, EMAP;Eunápolis;;
291080;BA;3;EMAD I, EMAP;Feira de Santana;;
291120;BA;2;EMAD II, EMAP;Gandu;;
291160;BA;2;EMAD II, EMAP;Governador Mangabeira;;
291170;BA;2;EMAD I, EMAP;Guanambi;;
291185;BA;1;EMAP-R;Heliópolis;;
291210;BA;1;EMAD II;Ibicaraí;;
291270;BA;2;EMAD II, EMAP;Ibirapitanga;;
291320;BA;2;EMAD II, EMAP;Ibotirama;;
291360;BA;3;EMAD I, EMAP;Ilhéus;;
291370;BA;2;EMAD I, EMAP;Inhambupe;;
291400;BA;2;EMAD I, EMAP;Ipirá;;
291450;BA;2;EMAD II, EMAP;Irará;;
291465;BA;2;EMAD II, EMAP;Itabela;;
291470;BA;2;EMAD I, EMAP;Itaberaba;;
291480;BA;3;EMAD I, EMAP;Itabuna;;
291490;BA;2;EMAD II, EMAP;Itacaré;;
291560;BA;2;EMAD I, EMAP;Itamaraju;;
291580;BA;2;EMAD II, EMAP;Itambé;;
291600;BA;2;EMAD II, EMAP;Itanhém;;
291610;BA;2;EMAD II, EMAP;Itaparica;;
291700;BA;2;EMAD II, EMAP;Itiúba;;
291710;BA;2;EMAD II, EMAP;Itororó;;
291760;BA;2;EMAD I, EMAP;Jaguaquara;;
291770;BA;2;EMAD II, EMAP;Jaguarari;;
291800;BA;2;EMAD I, EMAP;Jequié;;
291810;BA;2;EMAD I, EMAP;Jeremoabo;;
291840;BA;2;EMAD I, EMAP;Juazeiro;;
291860;BA;2;EMAD II, EMAP;Jussiape;;
291910;BA;1;EMAP-R;Lamarão;;
291920;BA;2;EMAD I, EMAP;Lauro de Freitas;;
291950;BA;2;EMAD I, EMAP;Livramento de Nossa Senhora;;
291955;BA;1;EMAD I;Luís Eduardo Magalhães;;
291980;BA;2;EMAD I, EMAP;Macaúbas;;
292010;BA;2;EMAD II, EMAP;Mairi;;
292050;BA;2;EMAD II, EMAP;Maracás;;
292060;BA;1;EMAD I;Maragogipe;;
292100;BA;2;EMAD I, EMAP;Mata de São João;;
292110;BA;2;EMAD II, EMAP;Medeiros Neto;;
292120;BA;2;EMAD II, EMAP;Miguel Calmon;;
292170;BA;1;EMAD II;Morro do Chapéu;;
292200;BA;2;EMAD I, EMAP;Mucuri;;
292210;BA;1;EMAD II;Mundo Novo;;
292220;BA;1;EMAP;Muniz Ferreira;;
292230;BA;1;EMAD II;Muritiba;;
292290;BA;2;EMAD II, EMAP;Nova Soure;;
292300;BA;2;EMAD I, EMAP;Nova Viçosa;;
292310;BA;2;EMAD II, EMAP;Olindina;;
292320;BA;1;EMAD II;Oliveira dos Brejinhos;;
292360;BA;2;EMAD II, EMAP;Paramirim;;
292370;BA;2;EMAD II, EMAP;Paratinga;;
292380;BA;1;EMAD II;Paripiranga;;
292420;BA;1;EMAP-R;Pedro Alexandre;;
292440;BA;2;EMAD II, EMAP;Pilão Arcado;;
292465;BA;1;EMAP-R;Pintadas;;
292510;BA;2;EMAD I, EMAP;Poções;;
292520;BA;2;EMAD II, EMAP;Pojuca;;
292530;BA;3;EMAD I, EMAP;Porto Seguro;;
292550;BA;2;EMAD II, EMAP;Prado;;
292560;BA;1;EMAP;Presidente Dutra;;
292575;BA;2;EMAD II, EMAP;Presidente Tancredo Neves;;
292595;BA;2;EMAD II, EMAP;Rafael Jambeiro;;
292600;BA;2;EMAD I, EMAP;Remanso;;
292640;BA;2;EMAD II, EMAP;Riacho de Santana;;
292660;BA;2;EMAD I, EMAP;Ribeira do Pombal;;
292740;BA;31;EMAD I, EMAD II, EMAP;Salvador;;
292750;BA;1;EMAD II;Santa Bárbara;;
292760;BA;1;EMAP-R;Santa Brígida;;
292770;BA;1;EMAD II;Santa Cruz Cabrália;;
292800;BA;2;EMAD II, EMAP;Santaluz;;
292810;BA;2;EMAD II, EMAP;Santa Maria da Vitória;;
292840;BA;2;EMAD II, EMAP;Santa Rita de Cássia;;
292860;BA;2;EMAD I, EMAP;Santo Amaro;;
292870;BA;2;EMAD I, EMAP;Santo Antônio de Jesus;;
292880;BA;2;EMAD I, EMAP;Santo Estêvão;;
292895;BA;1;EMAP-R;São Domingos;;
292910;BA;2;EMAD II, EMAP;São Felipe;;
292940;BA;1;EMAP-R;São Miguel das Matas;;
292950;BA;2;EMAD I, EMAP;São Sebastião do Passé;;
292960;BA;1;EMAP-R;Sapeaçu;;
292990;BA;2;EMAD I, EMAP;Seabra;;
293010;BA;2;EMAD I, EMAP;Senhor do Bonfim;;
293015;BA;2;EMAD II, EMAP;Serra do Ramalho;;
293050;BA;2;EMAD I, EMAP;Serrinha;;
293070;BA;2;EMAD I, EMAP;Simões Filho;;
293130;BA;1;EMAD II;Tapiramutá;;
293135;BA;3;EMAD I, EMAP;Teixeira de Freitas;;
293150;BA;2;EMAD II, EMAP;Teofilândia;;
293190;BA;2;EMAD I, EMAP;Tucano;;
293200;BA;1;EMAD II;Uauá;;
293230;BA;2;EMAD II, EMAP;Ubatã;;
293250;BA;2;EMAD II, EMAP;Una;;
293270;BA;2;EMAD II, EMAP;Uruçuca;;
293290;BA;2;EMAD I, EMAP;Valença;;
293300;BA;1;EMAD II;Valente;;
293320;BA;2;EMAD I, EMAP;Vera Cruz;;
293330;BA;2;EMAD I, EMAP;Vitória da Conquista;;
293360;BA;1;EMAD I;Xique-Xique;;
310160;MG;2;EMAD I, EMAP;Alfenas;;
310170;MG;1;EMAD I;Almenara;;
310180;MG;1;EMAP-R;Alpercata;;
310220;MG;1;EMAP-R;Alvarenga;;
310285;MG;1;EMAP;Angelândia;;
310300;MG;1;EMAP-R;Antônio Dias;;
310340;MG;2;EMAD II, EMAP;Araçuaí;;
310350;MG;2;EMAD I, EMAP;Araguari;;
310360;MG;1;EMAP-R;Arantina;;
310470;MG;1;EMAP-R;Ataléia;;
310560;MG;2;EMAD I, EMAP;Barbacena;;
310590;MG;2;EMAD II, EMAP;Barroso;;
310620;MG;32;EMAD I, EMAP;Belo Horizonte;;
310670;MG;7;EMAD I, EMAP;Betim;;
310710;MG;2;EMAD I, EMAP;Boa Esperança;;
310730;MG;2;EMAD I, EMAP;Bocaiúva;;
310740;MG;2;EMAD I, EMAP;Bom Despacho;;
310780;MG;1;EMAP-R;Bom Jesus do Galho;;
310900;MG;2;EMAD I, EMAP;Brumadinho;;
310940;MG;2;EMAD II, EMAP;Buritizeiro;;
311000;MG;2;EMAD I, EMAP;Caeté;;
311080;MG;1;EMAP-R;Campanário;;
311100;MG;2;EMAD II, EMAP;Campestre;;
311110;MG;1;EMAD II;Campina Verde;;
311120;MG;2;EMAD I, EMAP;Campo Belo;;
311170;MG;2;EMAD II, EMAP;Canaã;;
311200;MG;2;EMAD II, EMAP;Candeias;;
311230;MG;2;EMAD II, EMAP;Capelinha;;
311340;MG;2;EMAD I, EMAP;Caratinga;;
311430;MG;1;EMAD II;Carmo do Paranaíba;;
311440;MG;2;EMAD II, EMAP;Carmo do Rio Claro;;
311570;MG;1;EMAP-R;Central de Minas;;
311610;MG;1;EMAP-R;Chapada do Norte;;
311630;MG;1;EMAP-R;Cipotânea;;
311660;MG;1;EMAD II;Cláudio;;
311800;MG;2;EMAD I, EMAP;Congonhas;;
311840;MG;1;EMAD II;Conselheiro Pena;;
311860;MG;10;EMAD I, EMAP;Contagem;;
311880;MG;2;EMAD II, EMAP;Coração de Jesus;;
311920;MG;1;EMAP-R;Coroaci;;
311930;MG;2;EMAD II, EMAP;Coromandel;;
311940;MG;1;EMAD I;Coronel Fabriciano;;
312000;MG;1;EMAP-R;Córrego Novo;;
312020;MG;1;EMAP-R;Cristais;;
312100;MG;2;EMAD II, EMAP;Datas;;
312160;MG;1;EMAD I;Diamantina;;
312220;MG;1;EMAP-R;Divinolândia de Minas;;
312230;MG;3;EMAD I, EMAP;Divinópolis;;
312300;MG;1;EMAP-R;Dores de Campos;;
312430;MG;2;EMAD II, EMAP;Espinosa;;
312490;MG;1;EMAP-R;Eugenópolis;;
312510;MG;2;EMAD II, EMAP;Extrema;;
312520;MG;1;EMAP-R;Fama;;
312590;MG;1;EMAD II;Ferros;;
312650;MG;1;EMAP-R;Francisco Badaró;;
312670;MG;2;EMAD II, EMAP;Francisco Sá;;
312675;MG;1;EMAP-R;Franciscópolis;;
312680;MG;1;EMAP-R;Frei Gaspar;;
312730;MG;1;EMAP-R;Galiléia;;
312737;MG;1;EMAP-R;Goiabeira;;
312770;MG;4;EMAD I, EMAP;Governador Valadares;;
312780;MG;2;EMAD II, EMAP;Grão Mogol;;
312870;MG;1;EMAD I;Guaxupé;;
312890;MG;1;EMAP-R;Guimarânia;;
312900;MG;1;EMAP-R;Guiricema;;
312930;MG;1;EMAP-R;Iapu;;
312980;MG;3;EMAD I, EMAP;Ibirité;;
313090;MG;1;EMAD II;Inhapim;;
313130;MG;4;EMAD I, EMAP;Ipatinga;;
313150;MG;1;EMAP-R;Ipuiúna;;
313170;MG;4;EMAD I, EMAP;Itabira;;
313240;MG;1;EMAD I;Itajubá;;
313250;MG;1;EMAD II;Itamarandiba;;
313270;MG;2;EMAD II, EMAP;Itambacuri;;
313330;MG;2;EMAD II, EMAP;Itaobim;;
313380;MG;1;EMAD I;Itaúna;;
313420;MG;2;EMAD I, EMAP;Ituiutaba;;
313505;MG;2;EMAD II, EMAP;Jaíba;;
313507;MG;1;EMAP-R;Jampruca;;
313510;MG;1;EMAD I;Janaúba;;
313580;MG;2;EMAD II, EMAP;Jequitinhonha;;
313665;MG;1;EMAD II;Juatuba;;
313670;MG;8;EMAD I, EMAP;Juiz de Fora;;
313690;MG;1;EMAP-R;Juruaia;;
313700;MG;1;EMAP-R;Ladainha;;
313760;MG;2;EMAD I, EMAP;Lagoa Santa;;
313840;MG;2;EMAD I, EMAP;Leopoldina;;
313900;MG;2;EMAD I, EMAP;Machado;;
313940;MG;2;EMAD I, EMAP;Manhuaçu;;
313960;MG;2;EMAD II, EMAP;Mantena;;
314070;MG;2;EMAD II, EMAP;Mateus Leme;;
314140;MG;2;EMAD II, EMAP;Medina;;
314180;MG;2;EMAD II, EMAP;Minas Novas;;
314290;MG;1;EMAD II;Monte Azul;;
314310;MG;1;EMAD I;Monte Carmelo;;
314330;MG;5;EMAD I, EMAP;Montes Claros;;
314390;MG;2;EMAD I, EMAP;Muriaé;;
314400;MG;2;EMAD II, EMAP;Mutum;;
314467;MG;1;EMAP-R;Nova Belém;;
314480;MG;2;EMAD I, EMAP;Nova Lima;;
314490;MG;1;EMAP-R;Nova Módica;;
314520;MG;2;EMAD I, EMAP;Nova Serrana;;
314560;MG;1;EMAD I;Oliveira;;
314610;MG;1;EMAD I;Ouro Preto;;
314710;MG;2;EMAD I, EMAP;Pará de Minas;;
314790;MG;2;EMAD I, EMAP;Passos;;
314800;MG;3;EMAD I, EMAP;Patos de Minas;;
314810;MG;2;EMAD I, EMAP;Patrocínio;;
314930;MG;2;EMAD I, EMAP;Pedro Leopoldo;;
314970;MG;2;EMAD II, EMAP;Perdigão;;
315000;MG;1;EMAP-R;Pescador;;
315120;MG;2;EMAD I, EMAP;Pirapora;;
315140;MG;1;EMAD II;Pitangui;;
315170;MG;1;EMAP-R;Poço Fundo;;
315180;MG;3;EMAD I, EMAP;Poços de Caldas;;
315220;MG;2;EMAD II, EMAP;Porteirinha;;
315250;MG;1;EMAD I;Pouso Alegre;;
315280;MG;2;EMAD II, EMAP;Prata;;
315400;MG;2;EMAD II, EMAP;Raul Soares;;
315460;MG;4;EMAD I, EMAP;Ribeirão das Neves;;
315560;MG;2;EMAD II, EMAP;Rio Pardo de Minas;;
315670;MG;2;EMAD I, EMAP;Sabará;;
315700;MG;2;EMAD I, EMAP;Salinas;;
315780;MG;3;EMAD I, EMAP;Santa Luzia;;
315820;MG;1;EMAP-R;Santa Maria do Suaçuí;;
315920;MG;1;EMAP-R;Santa Rita de Caldas;;
315950;MG;1;EMAP-R;Santa Rita do Itueto;;
315960;MG;2;EMAD I, EMAP;Santa Rita do Sapucaí;;
315980;MG;1;EMAD II;Santa Vitória;;
315990;MG;1;EMAD II;Santo Antônio do Amparo;;
316040;MG;2;EMAD II, EMAP;Santo Antônio do Monte;;
316270;MG;2;EMAD II, EMAP;São João do Paraíso;;
316290;MG;1;EMAD II;São João Nepomuceno;;
316370;MG;2;EMAD I, EMAP;São Lourenço;;
316553;MG;2;EMAD II, EMAP;Sarzedo;;
316555;MG;1;EMAP-R;Setubinha;;
316710;MG;1;EMAD II;Serro;;
316770;MG;1;EMAP-R;Sobrália;;
316800;MG;2;EMAD II, EMAP;Taiobeiras;;
316850;MG;2;EMAD II, EMAP;Teixeiras;;
316860;MG;3;EMAD I, EMAP;Teófilo Otoni;;
316870;MG;2;EMAD I, EMAP;Timóteo;;
316900;MG;1;EMAP-R;Tocantins;;
316940;MG;1;EMAD I;Três Pontas;;
316950;MG;1;EMAP-R;Tumiritinga;;
316960;MG;2;EMAD II, EMAP;Tupaciguara;;
316970;MG;1;EMAD II;Turmalina;;
317010;MG;4;EMAD I, EMAP;Uberaba;;
317020;MG;10;EMAD I, EMAP;Uberlândia;;
317065;MG;1;EMAP-R;Vargem Grande do Rio Pardo;;
317070;MG;2;EMAD I, EMAP;Varginha;;
317080;MG;2;EMAD II, EMAP;Várzea da Palma;;
317107;MG;1;EMAP;Veredinha;;
317120;MG;2;EMAD I, EMAP;Vespasiano;;
317130;MG;2;EMAD I, EMAP;Viçosa;;
317150;MG;1;EMAP-R;Mathias Lobato;;
320160;ES;2;EMAD I, EMAP;Conceição da Barra;;
320490;ES;2;EMAD I, EMAP;São Mateus;;
320506;ES;2;EMAD II, EMAP;Venda Nova do Imigrante;;
320520;ES;4;EMAD I, EMAP;Vila Velha;;
330010;RJ;3;EMAD I, EMAP;Angra dos Reis;;
330023;RJ;1;EMAD I;Armação dos Búzios;;
330025;RJ;1;EMAD II;Arraial do Cabo;;
330040;RJ;3;EMAD I, EMAP;Barra Mansa;;
330045;RJ;6;EMAD I, EMAP;Belford Roxo;;
330060;RJ;1;EMAD II;Bom Jesus do Itabapoana;;
330070;RJ;3;EMAD I, EMAP;Cabo Frio;;
330100;RJ;6;EMAD I, EMAP;Campos dos Goytacazes;;
330170;RJ;3;EMAD I, EMAP;Duque de Caxias;;
330185;RJ;1;EMAD I;Guapimirim;;
330190;RJ;4;EMAD I, EMAP;Itaboraí;;
330200;RJ;2;EMAD I, EMAP;Itaguaí;;
330220;RJ;2;EMAD I, EMAP;Itaperuna;;
330225;RJ;2;EMAD II, EMAP;Itatiaia;;
330227;RJ;2;EMAD I, EMAP;Japeri;;
330240;RJ;3;EMAD I, EMAP;Macaé;;
330250;RJ;3;EMAD I, EMAP;Magé;;
330270;RJ;4;EMAD I, EMAP;Maricá;;
330280;RJ;1;EMAP-R;Mendes;;
330285;RJ;3;EMAD I, EMAP;Mesquita;;
330320;RJ;2;EMAD I, EMAP;Nilópolis;;
330340;RJ;2;EMAD I, EMAP;Nova Friburgo;;
330350;RJ;11;EMAD I, EMAP;Nova Iguaçu;;
330360;RJ;2;EMAD I, EMAP;Paracambi;;
330370;RJ;1;EMAD I;Paraíba do Sul;;
330380;RJ;1;EMAD I;Paraty;;
330390;RJ;4;EMAD I, EMAP;Petrópolis;;
330395;RJ;2;EMAD II, EMAP;Pinheiral;;
330400;RJ;2;EMAD II, EMAP;Piraí;;
330420;RJ;2;EMAD I, EMAP;Resende;;
330430;RJ;2;EMAD I, EMAP;Rio Bonito;;
330455;RJ;27;EMAD I, EMAP;Rio de Janeiro;;
330490;RJ;14;EMAD I, EMAP;São Gonçalo;;
330510;RJ;7;EMAD I, EMAP;São João de Meriti;;
330520;RJ;3;EMAD I, EMAP;São Pedro da Aldeia;;
330550;RJ;1;EMAD II;Saquarema;;
330555;RJ;2;EMAD I, EMAP;Seropédica;;
330560;RJ;2;EMAD II, EMAP;Silva Jardim;;
330575;RJ;1;EMAD II;Tanguá;;
330580;RJ;3;EMAD I, EMAP;Teresópolis;;
330600;RJ;2;EMAD I, EMAP;Três Rios;;
330610;RJ;1;EMAD I;Valença;;
330620;RJ;2;EMAD II, EMAP;Vassouras;;
330630;RJ;3;EMAD I, EMAP;Volta Redonda;;
350080;SP;1;EMAP-R;Alfredo Marcondes;;
350100;SP;1;EMAD II;Altinópolis;;
350160;SP;3;EMAD I, EMAP;Americana;;
350170;SP;2;EMAD II, EMAP;Américo Brasiliense;;
350190;SP;1;EMAD I;Amparo;;
350210;SP;2;EMAD I, EMAP;Andradina;;
350250;SP;1;EMAD II;Aparecida;;
350320;SP;1;EMAD I;Araraquara;;
350330;SP;2;EMAD I, EMAP;Araras;;
350390;SP;1;EMAD I;Arujá;;
350400;SP;1;EMAD I;Assis;;
350410;SP;2;EMAD I, EMAP;Atibaia;;
350460;SP;1;EMAD II;Bady Bassitt;;
350550;SP;2;EMAD I, EMAP;Barretos;;
350560;SP;2;EMAD II, EMAP;Barrinha;;
350570;SP;4;EMAD I, EMAP;Barueri;;
350580;SP;1;EMAD II;Bastos;;
350590;SP;2;EMAD I, EMAP;Batatais;;
350600;SP;5;EMAD I, EMAP;Bauru;;
350635;SP;1;EMAD I;Bertioga;;
350660;SP;2;EMAD II, EMAP;Biritiba Mirim;;
350700;SP;2;EMAD I, EMAP;Boituva;;
350760;SP;2;EMAD I, EMAP;Bragança Paulista;;
350780;SP;2;EMAD II, EMAP;Brodowski;;
350840;SP;2;EMAD I, EMAP;Cabreúva;;
350850;SP;2;EMAD I, EMAP;Caçapava;;
350900;SP;2;EMAD I, EMAP;Caieiras;;
350950;SP;15;EMAD I, EMAP;Campinas;;
350960;SP;2;EMAD I, EMAP;Campo Limpo Paulista;;
351050;SP;1;EMAD I;Caraguatatuba;;
351060;SP;3;EMAD I, EMAP;Carapicuíba;;
351100;SP;2;EMAD II, EMAP;Castilho;;
351110;SP;2;EMAD I, EMAP;Catanduva;;
351280;SP;2;EMAD I, EMAP;Cosmópolis;;
351300;SP;4;EMAD I, EMAP;Cotia;;
351340;SP;1;EMAD I;Cruzeiro;;
351350;SP;1;EMAD I;Cubatão;;
351380;SP;3;EMAD I, EMAP;Diadema;;
351500;SP;4;EMAD I, EMAP;Embu das Artes;;
351510;SP;2;EMAD I, EMAP;Embu-Guaçu;;
351518;SP;2;EMAD I, EMAP;Espírito Santo do Pinhal;;
351550;SP;2;EMAD I, EMAP;Fernandópolis;;
351570;SP;3;EMAD I, EMAP;Ferraz de Vasconcelos;;
351580;SP;1;EMAP-R;Flora Rica;;
351620;SP;2;EMAD I, EMAP;Franca;;
351640;SP;2;EMAD I, EMAP;Franco da Rocha;;
351670;SP;2;EMAD I, EMAP;Garça;;
351750;SP;1;EMAD II;Guapiaçu;;
351770;SP;2;EMAD II, EMAP;Guará;;
351830;SP;2;EMAD II, EMAP;Guararema;;
351840;SP;1;EMAD I;Guaratinguetá;;
351870;SP;3;EMAD I, EMAP;Guarujá;;
351880;SP;5;EMAD I, EMAP;Guarulhos;;
351907;SP;3;EMAD I, EMAP;Hortolândia;;
352010;SP;1;EMAD II;Igarapava;;
352030;SP;1;EMAD II;Iguape;;
352040;SP;2;EMAD II, EMAP;Ilhabela;;
352050;SP;3;EMAD I, EMAP;Indaiatuba;;
352060;SP;1;EMAP-R;Indiana;;
352100;SP;1;EMAD II;Iperó;;
352210;SP;2;EMAD I, EMAP;Itanhaém;;
352220;SP;1;EMAD I;Itapecerica da Serra;;
352230;SP;2;EMAD I, EMAP;Itapetininga;;
352240;SP;1;EMAD I;Itapeva;;
352250;SP;2;EMAD I;Itapevi;;
352310;SP;2;EMAD I, EMAP;Itaquaquecetuba;;
352390;SP;3;EMAD I, EMAP;Itu;;
352400;SP;1;EMAD I;Itupeva;;
352410;SP;2;EMAD I, EMAP;Ituverava;;
352430;SP;1;EMAD I;Jaboticabal;;
352440;SP;3;EMAD I, EMAP;Jacareí;;
352470;SP;2;EMAD I, EMAP;Jaguariúna;;
352510;SP;1;EMAD I;Jardinópolis;;
352590;SP;6;EMAD I, EMAP;Jundiaí;;
352620;SP;1;EMAD II;Juquitiba;;
352670;SP;2;EMAD I, EMAP;Leme;;
352690;SP;2;EMAD I, EMAP;Limeira;;
352710;SP;1;EMAD I;Lins;;
352730;SP;2;EMAD I, EMAP;Louveira;;
352840;SP;2;EMAD I, EMAP;Mairinque;;
352850;SP;2;EMAD I, EMAP;Mairiporã;;
352900;SP;3;EMAD I, EMAP;Marília;;
352910;SP;1;EMAP-R;Marinópolis;;
352940;SP;4;EMAD I, EMAP;Mauá;;
353050;SP;2;EMAD I, EMAP;Mococa;;
353060;SP;1;EMAD I;Mogi das Cruzes;;
353070;SP;1;EMAD I;Mogi Guaçu;;
353080;SP;2;EMAD I, EMAP;Mogi Mirim;;
353130;SP;2;EMAD I, EMAP;Monte Alto;;
353300;SP;1;EMAD II;Nova Granada;;
353350;SP;1;EMAD I;Novo Horizonte;;
353390;SP;2;EMAD I, EMAP;Olímpia;;
353420;SP;1;EMAD II;Orindiúva;;
353430;SP;2;EMAD I, EMAP;Orlândia;;
353440;SP;3;EMAD I, EMAP;Osasco;;
353470;SP;2;EMAD I, EMAP;Ourinhos;;
353480;SP;1;EMAP-R;Ouro Verde;;
353520;SP;1;EMAP-R;Palmeira d'Oeste;;
353550;SP;1;EMAD I;Paraguaçu Paulista;;
353580;SP;1;EMAD II;Paranapanema;;
353650;SP;2;EMAD I, EMAP;Paulínia;;
353760;SP;1;EMAD I;Peruíbe;;
353800;SP;1;EMAD I;Pindamonhangaba;;
353860;SP;1;EMAD II;Piracaia;;
353870;SP;6;EMAD I, EMAP;Piracicaba;;
353950;SP;2;EMAD II, EMAP;Pitangueiras;;
353980;SP;1;EMAD I;Poá;;
354020;SP;1;EMAD I;Pontal;;
354060;SP;1;EMAD I;Porto Feliz;;
354100;SP;1;EMAD I;Praia Grande;;
354130;SP;1;EMAD I;Presidente Epitácio;;
354170;SP;1;EMAP-R;Quatá;;
354220;SP;2;EMAD II, EMAP;Rancharia;;
354330;SP;1;EMAD I;Ribeirão Pires;;
354340;SP;7;EMAD I, EMAP;Ribeirão Preto;;
354390;SP;2;EMAD I, EMAP;Rio Claro;;
354520;SP;2;EMAD I, EMAP;Salto;;
354530;SP;1;EMAD I;Salto de Pirapora;;
354580;SP;2;EMAD I, EMAP;Santa Bárbara d'Oeste;;
354640;SP;2;EMAD I, EMAP;Santa Cruz do Rio Pardo;;
354710;SP;1;EMAP-R;Santa Mercedes;;
354730;SP;1;EMAD I;Santana de Parnaíba;;
354780;SP;10;EMAD I, EMAP;Santo André;;
354800;SP;2;EMAD II, EMAP;Santo Antônio de Posse;;
354830;SP;1;EMAP-R;Santo Expedito;;
354850;SP;8;EMAD I, EMAP;Santos;;
354870;SP;6;EMAD I, EMAP;São Bernardo do Campo;;
354880;SP;3;EMAD I, EMAP;São Caetano do Sul;;
354890;SP;3;EMAD I, EMAP;São Carlos;;
354910;SP;1;EMAD I;São João da Boa Vista;;
354940;SP;1;EMAD I;São Joaquim da Barra;;
354970;SP;2;EMAD I, EMAP;São José do Rio Pardo;;
354980;SP;7;EMAD I, EMAP;São José do Rio Preto;;
354995;SP;1;EMAP-R;São Lourenço da Serra;;
355030;SP;82;EMAD I, EMAP;São Paulo;;
355060;SP;2;EMAD I, EMAP;São Roque;;
355100;SP;4;EMAD I, EMAP;São Vicente;;
355150;SP;1;EMAD I;Serrana;;
355160;SP;1;EMAD II;Serra Negra;;
355170;SP;2;EMAD I, EMAP;Sertãozinho;;
355210;SP;2;EMAD II, EMAP;Socorro;;
355220;SP;7;EMAD I, EMAP;Sorocaba;;
355240;SP;2;EMAD I, EMAP;Sumaré;;
355250;SP;2;EMAD I, EMAP;Suzano;;
355280;SP;3;EMAD I, EMAP;Taboão da Serra;;
355370;SP;1;EMAD I;Taquaritinga;;
355400;SP;2;EMAD I, EMAP;Tatuí;;
355410;SP;1;EMAD I;Taubaté;;
355540;SP;1;EMAD I;Ubatuba;;
355580;SP;1;EMAP-R;Urânia;;
355620;SP;2;EMAD I, EMAP;Valinhos;;
355650;SP;1;EMAD I;Várzea Paulista;;
355670;SP;2;EMAD I, EMAP;Vinhedo;;
355700;SP;1;EMAD I;Votorantim;;
355710;SP;2;EMAD I, EMAP;Votuporanga;;
410110;PR;2;EMAD II, EMAP;Andirá;;
410150;PR;1;EMAD I;Arapongas;;
410210;PR;2;EMAD II, EMAP;Astorga;;
410370;PR;1;EMAD I;Cambé;;
410430;PR;1;EMAD I;Campo Mourão;;
410450;PR;2;EMAD II, EMAP;Capanema;;
410480;PR;5;EMAD I, EMAP;Cascavel;;
410540;PR;1;EMAD II;Chopinzinho;;
410550;PR;2;EMAD I, EMAP;Cianorte;;
410630;PR;1;EMAD II;Corbélia;;
410650;PR;1;EMAD II;Coronel Vivida;;
410690;PR;22;EMAD I, EMAP;Curitiba;;
410765;PR;1;EMAD I;Fazenda Rio Grande;;
410830;PR;4;EMAD I, EMAP;Foz do Iguaçu;;
410840;PR;1;EMAD I;Francisco Beltrão;;
410860;PR;2;EMAD II, EMAP;Goioerê;;
410940;PR;3;EMAD I, EMAP;Guarapuava;;
410965;PR;1;EMAP-R;Honório Serpa;;
411370;PR;4;EMAD I, EMAP;Londrina;;
411460;PR;2;EMAD I, EMAP;Marechal Cândido Rondon;;
411520;PR;3;EMAD I, EMAP;Maringá;;
411770;PR;2;EMAD II, EMAP;Palmeira;;
411790;PR;2;EMAD II, EMAP;Palotina;;
411840;PR;1;EMAD I;Paranavaí;;
411915;PR;1;EMAD I;Pinhais;;
411990;PR;2;EMAD I, EMAP;Ponta Grossa;;
412090;PR;1;EMAD II;Quedas do Iguaçu;;
412240;PR;1;EMAD I;Rolândia;;
412405;PR;2;EMAD II, EMAP;Santa Terezinha de Itaipu;;
412440;PR;2;EMAD II, EMAP;Santo Antônio do Sudoeste;;
412550;PR;5;EMAD I, EMAD II, EMAP;São José dos Pinhais;;
412665;PR;1;EMAP-R;Sulina;;
412690;PR;1;EMAP-R;Tapira;;
412770;PR;2;EMAD I, EMAP;Toledo;;
412780;PR;1;EMAP-R;Tomazina;;
412800;PR;2;EMAD II, EMAP;Ubiratã;;
420140;SC;1;EMAD I;Araranguá;;
420230;SC;1;EMAD I;Biguaçu;;
420240;SC;4;EMAD I, EMAP;Blumenau;;
420280;SC;2;EMAD II, EMAP;Braço do Norte;;
420290;SC;2;EMAD I, EMAP;Brusque;;
420395;SC;1;EMAD II;Capivari de Baixo;;
420420;SC;3;EMAD I, EMAP;Chapecó;;
420460;SC;3;EMAD I, EMAP;Criciúma;;
420590;SC;1;EMAD I;Gaspar;;
420700;SC;2;EMAD I, EMAP;Içara;;
420730;SC;2;EMAD I, EMAP;Imbituba;;
420750;SC;1;EMAD I;Indaial;;
420830;SC;1;EMAD I;Itapema;;
420880;SC;2;EMAD II, EMAP;Jaguaruna;;
420890;SC;1;EMAD I;Jaraguá do Sul;;
420910;SC;3;EMAD I, EMAP;Joinville;;
420930;SC;3;EMAD I, EMAP;Lages;;
421050;SC;1;EMAD II;Maravilha;;
421170;SC;1;EMAD II;Orleans;;
421190;SC;3;EMAD I, EMAP;Palhoça;;
421320;SC;1;EMAD II;Pomerode;;
421570;SC;1;EMAD II;Santo Amaro da Imperatriz;;
421630;SC;1;EMAD II;São João Batista;;
421770;SC;1;EMAD II;Sombrio;;
421820;SC;1;EMAD I;Timbó;;
421915;SC;1;EMAD II;Vargem;;
421930;SC;2;EMAD I, EMAP;Videira;;
421950;SC;1;EMAD I;Xanxerê;;
430087;RS;1;EMAP-R;Araricá;;
430160;RS;1;EMAD I;Bagé;;
430210;RS;2;EMAD I, EMAP;Bento Gonçalves;;
430390;RS;2;EMAD I, EMAP;Campo Bom;;
430440;RS;1;EMAD I;Canela;;
430460;RS;3;EMAD I, EMAP;Canoas;;
430463;RS;1;EMAD I;Capão da Canoa;;
430466;RS;1;EMAD II;Capão do Leão;;
430510;RS;1;EMAD I;Caxias do Sul;;
430535;RS;1;EMAD II;Charqueadas;;
430597;RS;1;EMAP;Coxilha;;
430660;RS;1;EMAD II;Dom Pedrito;;
430676;RS;1;EMAD I;Eldorado do Sul;;
430700;RS;1;EMAD I;Erechim;;
430750;RS;1;EMAD II;Espumoso;;
430760;RS;2;EMAD I, EMAP;Estância Velha;;
430770;RS;1;EMAD I;Esteio;;
430910;RS;1;EMAD I;Gramado;;
430930;RS;1;EMAD I;Guaíba;;
430940;RS;2;EMAD II, EMAP;Guaporé;;
431033;RS;1;EMAD II;Imbé;;
431240;RS;2;EMAD I, EMAP;Montenegro;;
431337;RS;1;EMAD II;Nova Santa Rita;;
431340;RS;3;EMAD I, EMAP;Novo Hamburgo;;
431405;RS;1;EMAD I;Parobé;;
431440;RS;6;EMAD I, EMAP;Pelotas;;
431450;RS;1;EMAD II;Pinheiro Machado;;
431490;RS;21;EMAD I, EMAP;Porto Alegre;;
431530;RS;1;EMAD II;Quaraí;;
431570;RS;1;EMAD II;Rio Pardo;;
431680;RS;2;EMAD I, EMAP;Santa Cruz do Sul;;
431720;RS;1;EMAD I;Santa Rosa;;
431760;RS;1;EMAD I;Santo Antônio da Patrulha;;
431800;RS;1;EMAD I;São Borja;;
431850;RS;1;EMAD II;São José do Norte;;
431870;RS;1;EMAD I;São Leopoldo;;
431950;RS;1;EMAD II;São Sebastião do Caí;;
432000;RS;1;EMAD I;Sapucaia do Sul;;
432120;RS;1;EMAD I;Taquara;;
432160;RS;1;EMAD I;Tramandaí;;
432260;RS;2;EMAD I, EMAP;Venâncio Aires;;
432300;RS;2;EMAD I, EMAP;Viamão;;
432380;RS;1;EMAP-R;Xangri-lá;;
500070;MS;2;EMAD II, EMAP;Anastácio;;
500110;MS;2;EMAD I, EMAP;Aquidauana;;
500270;MS;8;EMAD I, EMAP;Campo Grande;;
500320;MS;2;EMAD I, EMAP;Corumbá;;
500330;MS;2;EMAD II, EMAP;Coxim;;
500370;MS;1;EMAD I;Dourados;;
500570;MS;1;EMAD I;Naviraí;;
500660;MS;1;EMAD I;Ponta Porã;;
500769;MS;2;EMAD II, EMAP;São Gabriel do Oeste;;
500830;MS;2;EMAD I, EMAP;Três Lagoas;;
510025;MT;1;EMAD I;Alta Floresta;;
510180;MT;2;EMAD I, EMAP;Barra do Garças;;
510267;MT;2;EMAD II, EMAP;Campo Verde;;
510335;MT;1;EMAD II;Confresa;;
510340;MT;8;EMAD I, EMAP;Cuiabá;;
510350;MT;1;EMAD II;Diamantino;;
510630;MT;2;EMAD II, EMAP;Paranatinga;;
510704;MT;2;EMAD I, EMAP;Primavera do Leste;;
510760;MT;2;EMAD I, EMAP;Rondonópolis;;
510840;MT;2;EMAD I, EMAP;Várzea Grande;;
510890;MT;1;EMAP;Nova Maringá;;
520010;GO;2;EMAD II, EMAP;Abadiânia;;
520013;GO;2;EMAD II, EMAP;Acreúna;;
520025;GO;3;EMAD I, EMAP;Águas Lindas de Goiás;;
520030;GO;2;EMAD II, EMAP;Alexânia;;
520110;GO;4;EMAD I, EMAP;Anápolis;;
520130;GO;2;EMAD II, EMAP;Anicuns;;
520140;GO;4;EMAD I, EMAP;Aparecida de Goiânia;;
520170;GO;2;EMAD II, EMAP;Aragarças;;
520330;GO;2;EMAD II, EMAP;Bela Vista de Goiás;;
520350;GO;2;EMAD II, EMAP;Bom Jesus de Goiás;;
520450;GO;2;EMAD I, EMAP;Caldas Novas;;
520470;GO;1;EMAP-R;Campinorte;;
520540;GO;2;EMAD II, EMAP;Ceres;;
520545;GO;2;EMAD II, EMAP;Cezarina;;
520549;GO;1;EMAD I;Cidade Ocidental;;
520551;GO;2;EMAD II, EMAP;Cocalzinho de Goiás;;
520620;GO;2;EMAD I, EMAP;Cristalina;;
520640;GO;1;EMAD II;Crixás;;
520735;GO;2;EMAD II, EMAP;Edealina;;
520790;GO;2;EMAD II, EMAP;Flores de Goiás;;
520800;GO;2;EMAD I, EMAP;Formosa;;
520860;GO;2;EMAD I, EMAP;Goianésia;;
520870;GO;13;EMAD I, EMAP;Goiânia;;
520880;GO;2;EMAD I, EMAP;Goianira;;
520890;GO;2;EMAD II, EMAP;Goiás;;
520910;GO;2;EMAD II, EMAP;Goiatuba;;
520920;GO;2;EMAD II, EMAP;Guapó;;
520970;GO;1;EMAD II;Hidrolândia;;
520995;GO;2;EMAD II, EMAP;Indiara;;
521000;GO;2;EMAD I, EMAP;Inhumas;;
521010;GO;2;EMAD II, EMAP;Ipameri;;
521040;GO;2;EMAD I, EMAP;Itaberaí;;
521090;GO;2;EMAD II, EMAP;Itapaci;;
521120;GO;2;EMAD II, EMAP;Itapuranga;;
521150;GO;1;EMAD I;Itumbiara;;
521180;GO;1;EMAD I;Jaraguá;;
521190;GO;2;EMAD I, EMAP;Jataí;;
521250;GO;3;EMAD I, EMAP;Luziânia;;
521308;GO;1;EMAD II;Minaçu;;
521310;GO;2;EMAD I, EMAP;Mineiros;;
521375;GO;1;EMAP-R;Montividiu;;
521380;GO;2;EMAD I, EMAP;Morrinhos;;
521450;GO;2;EMAD II, EMAP;Nerópolis;;
521460;GO;2;EMAD I, EMAP;Niquelândia;;
521523;GO;3;EMAD I, EMAP;Novo Gama;;
521525;GO;1;EMAP;Novo Planalto;;
521560;GO;2;EMAD II, EMAP;Padre Bernardo;;
521570;GO;2;EMAD II, EMAP;Palmeiras de Goiás;;
521640;GO;1;EMAP-R;Paraúna;;
521710;GO;2;EMAD II, EMAP;Piracanjuba;;
521730;GO;2;EMAD II, EMAP;Pirenópolis;;
521740;GO;2;EMAD II, EMAP;Pires do Rio;;
521760;GO;2;EMAD I, EMAP;Planaltina;;
521800;GO;1;EMAD I;Porangatu;;
521830;GO;1;EMAD II;Posse;;
521850;GO;2;EMAD I, EMAP;Quirinópolis;;
521880;GO;4;EMAD I, EMAP;Rio Verde;;
521890;GO;2;EMAD II, EMAP;Rubiataba;;
521930;GO;2;EMAD II, EMAP;Santa Helena de Goiás;;
522000;GO;2;EMAD II, EMAP;São João d'Aliança;;
522010;GO;2;EMAD II, EMAP;São Luís de Montes Belos;;
522020;GO;2;EMAD II, EMAP;São Miguel do Araguaia;;
522040;GO;2;EMAD II, EMAP;São Simão;;
522060;GO;1;EMAD II;Silvânia;;
522140;GO;2;EMAD I, EMAP;Trindade;;
522160;GO;2;EMAD I, EMAP;Uruaçu;;
522185;GO;3;EMAD I, EMAP;Valparaíso de Goiás;;
530010;DF;27;EMAD I, EMAP;Brasília;;
